Workbook

Sheet Task Brief
A1: T16 Retail store footfall dashboard
A2: Mini project | 30 marks | Build something with free LLM tools
A4: Task ID | B4: T16
A5: Task | B5: Retail store footfall dashboard
A6: Theme | B6: No-code apps & dashboards
A7: Suggested free tools | B7: Gemini Canvas, ChatGPT Canvas or Claude (free) to generate the app; Excel / Google Sheets to verify numbers
A8: What students do | B8: 1. Build a dashboard of footfall, conversion, average bill and sales per staff by store. 2. Compare weekdays vs weekends and promotion days. 3. Find under-staffed and over-staffed stores. 4. Recommend staffing changes.
A9: Deliverables | B9: Dashboard; staffing analysis; recommendation; AI-use log
A10: Dataset in this file | B10: 10 stores x 180 days of footfall, transactions, sales and staffing - 'Store Daily' sheet: 1,800 rows x 9 columns
A11: About the data | B11: All data is synthetic and created for teaching; companies, people and figures are fictional. Treat it as if it were real business data. If a 'Gold Labels (evaluation)' sheet is present, do NOT give it to the AI tool - use it only at the end to measure your accuracy.
A12: Team size | B12: Individual (or pairs if your faculty allows)
A13: Responsible AI rules | B13: Use only free tools; never paste real personal or confidential data into public AI tools; verify every number the AI gives you; disclose AI-generated content.
A14: Submission | B14: 1) Build link / file / screen recording 2) This workbook with your outputs added as new sheets 3) Completed 'AI Use Log' sheet (minimum 15 entries) 4) 3-5 page report with recommendation and reflection
A16: Evaluation rubric (30 marks)
A17: Criterion | B17: What is assessed | C17: Marks | D17: Excellent | E17: Good | F17: Fair | G17: Poor
A18: 1. Working build | B18: Tool / bot / app / automation works end to end on the provided data; link, file or screen recording submitted | C18: 8 | D18: Runs fully (7-8) | E18: Minor gaps (5-6) | F18: Partly working (3-4) | G18: Not working (0-2)
A19: 2. Correctness and verification | B19: Outputs checked against the data or gold labels; accuracy measured; errors found and fixed | C19: 7 | D19: Systematic checks with numbers (6-7) | E19: Some checks (4-5) | F19: Few checks (2-3) | G19: None (0-1)
A20: 3. Prompting and iteration | B20: Clear, structured prompts; at least 3 documented improvement rounds with reasons | C20: 5 | D20: Strong iteration (5) | E20: Some iteration (3-4) | F20: Mostly one-shot (2) | G20: No log (0-1)
A21: 4. Business insight and recommendation | B21: Specific, data-backed recommendation for the stated manager or customer | C21: 6 | D21: Actionable and quantified (6) | E21: Sound but generic (4-5) | F21: Descriptive only (2-3) | G21: Missing (0-1)
A22: 5. Documentation and reflection | B22: Complete AI-use log, limitations, responsible-AI notes and personal reflection | C22: 4 | D22: Complete and honest (4) | E22: Mostly complete (3) | F22: Thin (2) | G22: Missing (0-1)
A23: Total | C23: =SUM(C18:C22) -> 30

Sheet Store Daily
A1: date | B1: store_id | C1: store_name | D1: city_tier | E1: footfall | F1: transactions | G1: sales_inr | H1: staff_on_floor | I1: promotion_day | J1: Conversion Rate | K1: Average Bill | L1: Sales per Staff | M1: Footfall per Staff | N1: Day Type
A2: 45748 | B2: ST01 | C2: Pune - Phoenix Mall | D2: 1 | E2: 909 | F2: 167 | G2: 232202 | H2: 5 | I2: No | J2: 0.18371837 | K2: 1390.4311 | L2: 46440.4 | M2: 181.8 | N2: Weekday
A3: 45749 | B3: ST01 | C3: Pune - Phoenix Mall | D3: 1 | E3: 990 | F3: 200 | G3: 307205 | H3: 7 | I3: No | J3: 0.2020202 | K3: 1536.025 | L3: 43886.429 | M3: 141.42857 | N3: Weekday
A4: 45750 | B4: ST01 | C4: Pune - Phoenix Mall | D4: 1 | E4: 786 | F4: 152 | G4: 247667 | H4: 6 | I4: No | J4: 0.19338422 | K4: 1629.3882 | L4: 41277.833 | M4: 131 | N4: Weekday
A5: 45751 | B5: ST01 | C5: Pune - Phoenix Mall | D5: 1 | E5: 857 | F5: 178 | G5: 243562 | H5: 8 | I5: No | J5: 0.20770128 | K5: 1368.3258 | L5: 30445.25 | M5: 107.125 | N5: Weekday
A6: 45752 | B6: ST01 | C6: Pune - Phoenix Mall | D6: 1 | E6: 1187 | F6: 210 | G6: 240148 | H6: 5 | I6: No | J6: 0.1769166 | K6: 1143.5619 | L6: 48029.6 | M6: 237.4 | N6: Weekend
A7: 45753 | B7: ST01 | C7: Pune - Phoenix Mall | D7: 1 | E7: 874 | F7: 175 | G7: 251215 | H7: 4 | I7: No | J7: 0.20022883 | K7: 1435.5143 | L7: 62803.75 | M7: 218.5 | N7: Weekend
A8: 45754 | B8: ST01 | C8: Pune - Phoenix Mall | D8: 1 | E8: 934 | F8: 198 | G8: 301681 | H8: 8 | I8: No | J8: 0.21199143 | K8: 1523.6414 | L8: 37710.125 | M8: 116.75 | N8: Weekday
A9: 45755 | B9: ST01 | C9: Pune - Phoenix Mall | D9: 1 | E9: 784 | F9: 152 | G9: 198957 | H9: 4 | I9: No | J9: 0.19387755 | K9: 1308.9276 | L9: 49739.25 | M9: 196 | N9: Weekday
A10: 45756 | B10: ST01 | C10: Pune - Phoenix Mall | D10: 1 | E10: 865 | F10: 176 | G10: 290919 | H10: 5 | I10: No | J10: 0.20346821 | K10: 1652.9489 | L10: 58183.8 | M10: 173 | N10: Weekday
A11: 45757 | B11: ST01 | C11: Pune - Phoenix Mall | D11: 1 | E11: 741 | F11: 140 | G11: 207062 | H11: 9 | I11: No | J11: 0.18893387 | K11: 1479.0143 | L11: 23006.889 | M11: 82.333333 | N11: Weekday
A12: 45758 | B12: ST01 | C12: Pune - Phoenix Mall | D12: 1 | E12: 964 | F12: 188 | G12: 229558 | H12: 5 | I12: No | J12: 0.19502075 | K12: 1221.0532 | L12: 45911.6 | M12: 192.8 | N12: Weekday
A13: 45759 | B13: ST01 | C13: Pune - Phoenix Mall | D13: 1 | E13: 1111 | F13: 205 | G13: 307332 | H13: 6 | I13: No | J13: 0.18451845 | K13: 1499.1805 | L13: 51222 | M13: 185.16667 | N13: Weekend
... A1801: 45927 | B1801: ST10 | C1801: Thane - Viviana | D1801: 1 | E1801: 1342 | F1801: 168 | G1801: 189027 | H1801: 7 | I1801: No | J1801: 0.12518629 | K1801: 1125.1607 | L1801: 27003.857 | M1801: 191.71429 | N1801: Weekend

Sheet Data Dictionary
A1: sheet | B1: column | C1: data_type | D1: example_value | E1: non_empty_values | F1: distinct_values
A2: Store Daily | B2: date | C2: Date/time | D2: 2025-04-01 | E2: 1800 | F2: 180
A3: Store Daily | B3: store_id | C3: Text | D3: ST01 | E3: 1800 | F3: 10
A4: Store Daily | B4: store_name | C4: Text | D4: Pune - Phoenix Mall | E4: 1800 | F4: 10
A5: Store Daily | B5: city_tier | C5: Whole number | D5: 1 | E5: 1800 | F5: 3
A6: Store Daily | B6: footfall | C6: Whole number | D6: 909 | E6: 1800 | F6: 770
A7: Store Daily | B7: transactions | C7: Whole number | D7: 167 | E7: 1800 | F7: 230
A8: Store Daily | B8: sales_inr | C8: Decimal number | D8: 232202.0 | E8: 1800 | F8: 1793
A9: Store Daily | B9: staff_on_floor | C9: Whole number | D9: 5 | E9: 1800 | F9: 6
A10: Store Daily | B10: promotion_day | C10: Text | D10: No | E10: 1800 | F10: 2

Sheet AI Use Log
A1: AI Use Log - fill one row per prompt (minimum 15). Yellow cells are for you to fill; row 4 is an example.
A2: Evidence = shared chat link or screenshot file name. Keep rejected outputs too - they earn marks under 'Prompting and iteration'.
A3: # | B3: date | C3: tool | D3: model / mode | E3: settings used (if any) | F3: prompt (exact text) | G3: what the output did well / badly | H3: what I changed next and why | I3: kept or rejected | J3: evidence link / file
A4: 1 | B4: 46034 | C4: Gemini (free) | D4: Gemini app, default | E4: - | F4: You are a business analyst. Using the attached sheet for 'Retail store footfall dashboard', list the first 3 steps to build it and what could go wrong. | G4: Clear steps, but assumed a column that does not exist | H4: Told it the exact column names and asked it to recheck | I4: Rejected | J4: screenshot_01.png
A5: 2 | B5: 46297 | C5: ChatGPT | D5: GPT-5.6 | E5: Default chat; attached T16 assignment and dataset | F5: For T16, identify the key KPIs and analyses required for a Retail Store Footfall Dashboard based on the assignment requirements and the available dataset. | G5: It identified the main KPIs such as footfall, conversion rate, average bill, sales per staff, and staffing analysis | H5: I checked the suggested KPIs against the actual dataset columns and kept only measures that could be calculated from the available data. | I5: Kept | J5: T16_Retail_store_footfall_dashboard_prepared.xlsx
A6: 3 | B6: 46297 | C6: ChatGPT | D6: GPT-5.6 | E6: Default chat; attached T16 assignment and dataset | F6: Voici mon fichier complet, donc je n’ai pas compris ce que tu viens d’écrire | G6: It clarified the structure of the complete T16 workbook and explained which sheets were relevant for the analysis | H6: I used the prepared workbook and kept the original data structure while adding the required KPI calculations. | I6: Kept | J6: T16_Retail_store_footfall_dashboard.xlsx
A7: 4 | B7: 46297 | C7: ChatGPT | D7: GPT-5.6 | E7: Default chat; attached T16 assignment and dataset | F7: donc je remplir le tableau excel? | G7: It explained how to fill the AI Use Log table and what information should be entered in each column. | H7: I followed the suggested structure and started filling the AI Use Log from row #2 without changing the professor's example. | I7: Kept | J7: T16_Retail_store_footfall_dashboard.xlsx
A8: 5 | B8: 46297 | C8: ChatGPT | D8: GPT-5.6 | E8: Default chat; attached T16 assignment and dataset | F8: Check the T16 dataset structure and identify any missing calculations needed for the dashboard | G8: It helped identify the available fields and the calculations needed for the dashboard. | H8: I checked the suggested calculations against the dataset and kept only the calculations supported by the available fields. | I8: Kept | J8: T16_Retail_store_footfall_dashboard_prepared.xlsx
A9: 6 | B9: 46297 | C9: ChatGPT | D9: GPT-5.6 | E9: Default chat; attached T16 assignment and dataset | F9: How should I calculate the Conversion Rate for the T16 dashboard using the available columns? | G9: It helped explain how the dashboard KPIs could be calculated from the available data | H9: I checked the calculations against the dataset and kept the formulas that matched the | I9: Kept | J9: T16_Retail_store_footfall_dashboard.xlsx
A10: 7 | B10: 46297 | C10: ChatGPT | D10: GPT-5.6 | E10: Default chat; attached T16 assignment and dataset | F10: How should I calculate the Average Bill for the T16 dashboard using the available columns? | G10: It helped identify the main calculations needed for the dashboard, including footfall, conversion rate and sales-related KPIs | H10: I checked the calculations against the dataset and used the available columns to build the required KPIs. | I10: Kept | J10: T16_Retail_store_footfall_dashboard.xlsx
A11: 8 | B11: 46297 | C11: ChatGPT | D11: GPT-5.6 | E11: Default chat; attached T16 assignment and dataset | F11: How should I calculate Sales per Staff for the T16 dashboard using the available columns? | G11: It helped me understand how to compare store performance using average footfall and sales. | H11: I created store-level visuals in Power BI to compare the stores | I11: Kept | J11: T16_Retail_store_footfall_dashboard_prepared.xlsx
A12: 9 | B12: 46297 | C12: ChatGPT | D12: GPT-5.6 | E12: Default chat; attached T16 assignment and dataset | F12: How can I compare average footfall and sales across the 10 stores in the T16 dashboard? | G12: It helped compare weekday and weekend footfall and identify differences in customer traffic. | H12: I created a Weekday vs Weekend comparison in the Power BI dashboard. | I12: Kept | J12: T16_Retail_store_footfall_dashboard.xlsx
A13: 10 | B13: 46297 | C13: ChatGPT | D13: GPT-5.6 | E13: Default chat; attached T16 assignment and dataset | F13: How can I compare weekday and weekend footfall in the T16 dashboard? | G13: It helped analyze promotion days versus normal days and identify differences in footfall and sales | H13: I created a Promotion vs Normal Days comparison in the Power BI dashboard. | I13: Kept | J13: T16_Retail_store_footfall_dashboard.xlsx
A14: 11 | B14: 46297 | C14: ChatGPT | D14: GPT-5.6 | E14: Default chat; attached T16 assignment and dataset | F14: How can I compare promotion days with normal days in the T16 dashboard? | G14: It helped define a staffing analysis using footfall per staff as an indicator of workload. | H14: I compared footfall per staff across stores and used a median-based rule to identify potentially under-staffed and over-staffed stores. | I14: Kept | J14: T16_Retail_store_footfall_dashboard.xlsx
A15: 12 | B15: 46297 | C15: ChatGPT | D15: GPT-5.6 | E15: Default chat; Power BI dashboard | F15: How can I identify potentially under-staffed and over-staffed stores using footfall per staff? | G15: It guided me in building the required dashboard visuals and organizing the KPI cards and charts. | H15: I created the KPI cards, slicer and comparison charts in Power BI and checked that the visuals used the correct fields. | I15: Kept | J15: T16_Retail_store_footfall_dashboard.xlsx
... A18: 15 | B18: 46297 | C18: ChatGPT | D18: GPT-5.6 | E18: Default chat; Power BI dashboard | F18: How can I correct the Average Sales per Staff calculation and verify the results for all stores? | G18: It helped correct the Average Sales per Staff calculation and verify that the store-level values were different and meaningful. | H18: I corrected the DAX calculation and verified the resulting values for all stores. | I18: Kept | J18: T16_Retail_store_footfall_dashboard.xlsx
A19: 16
A20: 17
A21: 18
A22: 19
A23: 20
A24: 21
A25: 22
A26: 23
A27: 24
A28: 25
A29: 26

Sheet KPI Summary
A1: KPI | B1: Values
A2: Total Footfall | B2: =SUM('Store Daily'!E:E) -> 1322621
A3: Total Transactions | B3: =SUM('Store Daily'!F:F) -> 246761
A4: Total Sales | B4: =SUM('Store Daily'!G:G) -> 346552324
A5: Overall Conversion Rate | B5: =B3/B2 -> 0.1865697
A6: Overall Average Bill | B6: =B4/B3 -> 1404.4048
A7: Average Staff on Floor | B7: =AVERAGE('Store Daily'!H:H) -> 6.4727778
A10: METRIC | B10: WEEKDAY | C10: WEEKEND
A11: Average Footfall | B11: =AVERAGEIF('Store Daily'!N:N,"Weekday",'Store Daily'!E:E) -> 651.62403 | C11: =AVERAGEIF('Store Daily'!N:N,"Weekend",'Store Daily'!E:E) -> 945.14902
A12: Average Transactions | B12: =AVERAGEIF('Store Daily'!N:N,"Weekday",'Store Daily'!F:F) -> 121.2969 | C12: =AVERAGEIF('Store Daily'!N:N,"Weekend",'Store Daily'!F:F) -> 177.03529
A13: Average Sales | B13: =AVERAGEIF('Store Daily'!N:N,"Weekday",'Store Daily'!G:G) -> 169866.44 | C13: =AVERAGEIF('Store Daily'!N:N,"Weekend",'Store Daily'!G:G) -> 249852.18
A14: Average Conversion Rate | B14: =AVERAGEIF('Store Daily'!N:N,"Weekday",'Store Daily'!J:J) -> 0.18765659 | C14: =AVERAGEIF('Store Daily'!N:N,"Weekend",'Store Daily'!J:J) -> 0.18823237
A15: Average Bill | B15: =AVERAGEIF('Store Daily'!N:N,"Weekday",'Store Daily'!K:K) -> 1396.8069 | C15: =AVERAGEIF('Store Daily'!N:N,"Weekend",'Store Daily'!K:K) -> 1412.0759
A18: METRIC | B18: Normal Day | C18: Promotion Day
A19: Average Footfall | B19: =AVERAGEIF('Store Daily'!I:I,"No",'Store Daily'!E:E) -> 730.57871 | C19: =AVERAGEIF('Store Daily'!I:I,"Yes",'Store Daily'!E:E) -> 758.75465
A20: Average Transactions | B20: =AVERAGEIF('Store Daily'!I:I,"No",'Store Daily'!F:F) -> 136.16525 | C20: =AVERAGEIF('Store Daily'!I:I,"Yes",'Store Daily'!F:F) -> 142.34944
A21: Average Sales | B21: =AVERAGEIF('Store Daily'!I:I,"No",'Store Daily'!G:G) -> 191055.71 | C21: =AVERAGEIF('Store Daily'!I:I,"Yes",'Store Daily'!G:G) -> 200914.61
A22: Average Conversion Rate | B22: =AVERAGEIF('Store Daily'!I:I,"No",'Store Daily'!J:J) -> 0.18766899 | C22: =AVERAGEIF('Store Daily'!I:I,"Yes",'Store Daily'!J:J) -> 0.18867762
A23: Average Bill | B23: =AVERAGEIF('Store Daily'!I:I,"No",'Store Daily'!K:K) -> 1399.0201 | C23: =AVERAGEIF('Store Daily'!I:I,"Yes",'Store Daily'!K:K) -> 1413.1589
A26: STORE | B26: Avg Footfall | C26: Avg Staff | D26: Footfall per Staff | E26: Staffing Status | F26: Avg Sales per Staff
A27: ST01 | B27: =AVERAGEIF('Store Daily'!B:B,A27,'Store Daily'!E:E) -> 912.00556 | C27: =AVERAGEIF('Store Daily'!B:B,A27,'Store Daily'!H:H) -> 6.35 | D27: =B27/C27 -> 143.62292 | E27: =IF(D27>123,"Potentially Under-staffed",IF(D27<100.58,"Potentially Over-staffed","Balanced")) -> Potentially Under-staffed | F27: =AVERAGEIF('Store Daily'!B:B,A27,'Store Daily'!L:L) -> 41505.511
A28: ST02 | B28: =AVERAGEIF('Store Daily'!B:B,A28,'Store Daily'!E:E) -> 814.35556 | C28: =AVERAGEIF('Store Daily'!B:B,A28,'Store Daily'!H:H) -> 6.4444444 | D28: =B28/C28 -> 126.36552 | E28: =IF(D28>123,"Potentially Under-staffed",IF(D28<100.58,"Potentially Over-staffed","Balanced")) -> Potentially Under-staffed | F28: =AVERAGEIF('Store Daily'!B:B,A28,'Store Daily'!L:L) -> 30940.913
A29: ST03 | B29: =AVERAGEIF('Store Daily'!B:B,A29,'Store Daily'!E:E) -> 760.87778 | C29: =AVERAGEIF('Store Daily'!B:B,A29,'Store Daily'!H:H) -> 6.4555556 | D29: =B29/C29 -> 117.86403 | E29: =IF(D29>123,"Potentially Under-staffed",IF(D29<100.58,"Potentially Over-staffed","Balanced")) -> Balanced | F29: =AVERAGEIF('Store Daily'!B:B,A29,'Store Daily'!L:L) -> 36191.665
A30: ST04 | B30: =AVERAGEIF('Store Daily'!B:B,A30,'Store Daily'!E:E) -> 958.8 | C30: =AVERAGEIF('Store Daily'!B:B,A30,'Store Daily'!H:H) -> 6.4666667 | D30: =B30/C30 -> 148.26804 | E30: =IF(D30>123,"Potentially Under-staffed",IF(D30<100.58,"Potentially Over-staffed","Balanced")) -> Potentially Under-staffed | F30: =AVERAGEIF('Store Daily'!B:B,A30,'Store Daily'!L:L) -> 44966.414
A31: ST05 | B31: =AVERAGEIF('Store Daily'!B:B,A31,'Store Daily'!E:E) -> 678.86667 | C31: =AVERAGEIF('Store Daily'!B:B,A31,'Store Daily'!H:H) -> 6.6833333 | D31: =B31/C31 -> 101.57606 | E31: =IF(D31>123,"Potentially Under-staffed",IF(D31<100.58,"Potentially Over-staffed","Balanced")) -> Balanced | F31: =AVERAGEIF('Store Daily'!B:B,A31,'Store Daily'!L:L) -> 37663.293
A32: ST06 | B32: =AVERAGEIF('Store Daily'!B:B,A32,'Store Daily'!E:E) -> 547.33889 | C32: =AVERAGEIF('Store Daily'!B:B,A32,'Store Daily'!H:H) -> 6.4277778 | D32: =B32/C32 -> 85.152118 | E32: =IF(D32>123,"Potentially Under-staffed",IF(D32<100.58,"Potentially Over-staffed","Balanced")) -> Potentially Over-staffed | F32: =AVERAGEIF('Store Daily'!B:B,A32,'Store Daily'!L:L) -> 16883.776
A33: ST07 | B33: =AVERAGEIF('Store Daily'!B:B,A33,'Store Daily'!E:E) -> 686.68889 | C33: =AVERAGEIF('Store Daily'!B:B,A33,'Store Daily'!H:H) -> 6.5 | D33: =B33/C33 -> 105.64444 | E33: =IF(D33>123,"Potentially Under-staffed",IF(D33<100.58,"Potentially Over-staffed","Balanced")) -> Balanced | F33: =AVERAGEIF('Store Daily'!B:B,A33,'Store Daily'!L:L) -> 32517.351
A34: ST08 | B34: =AVERAGEIF('Store Daily'!B:B,A34,'Store Daily'!E:E) -> 510.94444 | C34: =AVERAGEIF('Store Daily'!B:B,A34,'Store Daily'!H:H) -> 6.4277778 | D34: =B34/C34 -> 79.490061 | E34: =IF(D34>123,"Potentially Under-staffed",IF(D34<100.58,"Potentially Over-staffed","Balanced")) -> Potentially Over-staffed | F34: =AVERAGEIF('Store Daily'!B:B,A34,'Store Daily'!L:L) -> 18679.041
A35: ST09 | B35: =AVERAGEIF('Store Daily'!B:B,A35,'Store Daily'!E:E) -> 487.96111 | C35: =AVERAGEIF('Store Daily'!B:B,A35,'Store Daily'!H:H) -> 6.4444444 | D35: =B35/C35 -> 75.718103 | E35: =IF(D35>123,"Potentially Under-staffed",IF(D35<100.58,"Potentially Over-staffed","Balanced")) -> Potentially Over-staffed | F35: =AVERAGEIF('Store Daily'!B:B,A35,'Store Daily'!L:L) -> 26869.154
A36: ST10 | B36: =AVERAGEIF('Store Daily'!B:B,A36,'Store Daily'!E:E) -> 990.05556 | C36: =AVERAGEIF('Store Daily'!B:B,A36,'Store Daily'!H:H) -> 6.5277778 | D36: =B36/C36 -> 151.66809 | E36: =IF(D36>123,"Potentially Under-staffed",IF(D36<100.58,"Potentially Over-staffed","Balanced")) -> Potentially Under-staffed | F36: =AVERAGEIF('Store Daily'!B:B,A36,'Store Daily'!L:L) -> 29957.145
